question_num,question,answer,image_url
1,"What immediate action should be taken when a venue zone reaches 96% utilization in EventFlow AI?","IMMEDIATELY halt incoming visitor entry to the zone. Open all emergency overflow exits, issue public address (PA) announcements to direct visitors to adjacent low-occupancy zones, and re-allocate 50% of staff from low-risk zones.",
2,"What is the risk level classification when zone utilization is between 85% and 94%?","HIGH Risk level. Status: Approaching safe capacity limit with high risk of localized bottlenecks. Action: Throttle main entry gates and re-route incoming visitors toward low-occupancy zones.",
3,"How should visitor entry gates be balanced if Gate A utilization is 88% and Gate B utilization is 35%?","Gate A is experiencing heavy bottleneck congestion (>30% utilization imbalance). Issue real-time visitor navigation guidance directing attendees to proceed to Gate B for faster entry (< 2 min wait time).",
4,"What is the protocol for a Category 2 medical emergency reported in Zone C?","Dispatch the nearest medical response unit immediately. Direct security personnel to establish a 3-meter clear corridor in Zone C and keep the main medical transport exit clear.",
5,"What is the primary purpose of the Egress Wave Optimization procedure in EventFlow AI?","Stagger exit waves in 15-minute intervals at event conclusion to prevent metro station, shuttle bus, and road transport overloading.",
6,"What triggers a Category 1 incident related to crowd congestion?","Category 1 Crowd Congestion is triggered when zone utilization exceeds 90% or entry queue wait time exceeds 15 minutes.",
7,"What directive is issued during a Category 3 Physical Hazard or Infrastructure Failure?","Evacuate adjacent 20-meter perimeter immediately. Divert all pedestrian traffic away from the hazard sector and notify structural engineering and quick-response units.",
8,"What directive is issued for a Category 4 Security & Access Threat?","Lock down affected sector gates immediately, deploy rapid response security team, and divert visitor traffic to designated safe zones.",
9,"How are risk levels categorized across utilization percentages in EventFlow AI?","LOW (0-69%), MEDIUM (70-84%), HIGH (85-94%), and CRITICAL (95-100%+ utilization).",
10,"What continuous improvement step should event organizers execute after an incident?","Log all incident response times and crowd feedback to continuously evaluate and refine AI safety models.",
